Ref Atom,Mean,Standard Deviation
C1',5.6753880341880345,0.5935664657874203
C3',5.72583137973138,0.3053192983952659
C4',5.976093162393162,0.5309460375139662
